Danyal Rasool, With 11 to defend in the last over, Shamilia Connell kept her calm despite a four off the second last ball as West Indies kept their winning streak alive
Himanshu Agrawal, Chasing 262, PBKS reached their target with eight balls to spare on a night of unstoppable hitting
Karthik Krishnaswamy, Rajasthan Royals are on top of the table, but a win for LSG will close the gap to just two points
Ashish Pant, Kuldeep against the MI batters will also be a sub-plot that could decide the fate of the game
ECB Reporters Network, Jason Holder takes three in 12 balls but Somerset respond to post 309
ECB Reporters Network, England batter constructs unbeaten 197 off 230 balls as his side makes erratic, entertaining progress
ECB Reporters Network, Gloucestershire on top after South African seamer's fiery spell
ECB Reporters Network, Emilio Gay's 88 from 110 balls was the day's most eye-catching batting performance
ECB Reporters Network, Ackermann scores first century for new club as Essex rue profligacy
ECB Reporters Network, Adam Lyth's 97 helps hosts reach 276 for 3 from 59 overs possible on first day
Danyal Rasool, With 11 to defend in the last over, Shamilia Connell kept her calm despite a four off the second last ball as West Indies kept their winning streak alive
Himanshu Agrawal, Chasing 262, PBKS reached their target with eight balls to spare on a night of unstoppable hitting
Karthik Krishnaswamy, Rajasthan Royals are on top of the table, but a win for LSG will close the gap to just two points
Ashish Pant, Kuldeep against the MI batters will also be a sub-plot that could decide the fate of the game
ECB Reporters Network, Jason Holder takes three in 12 balls but Somerset respond to post 309
ECB Reporters Network, England batter constructs unbeaten 197 off 230 balls as his side makes erratic, entertaining progress
ECB Reporters Network, Gloucestershire on top after South African seamer's fiery spell
ECB Reporters Network, Emilio Gay's 88 from 110 balls was the day's most eye-catching batting performance
ECB Reporters Network, Ackermann scores first century for new club as Essex rue profligacy
ECB Reporters Network, Adam Lyth's 97 helps hosts reach 276 for 3 from 59 overs possible on first day
Danyal Rasool, With 11 to defend in the last over, Shamilia Connell kept her calm despite a four off the second last ball as West Indies kept their winning streak alive
Himanshu Agrawal, Chasing 262, PBKS reached their target with eight balls to spare on a night of unstoppable hitting
Karthik Krishnaswamy, Rajasthan Royals are on top of the table, but a win for LSG will close the gap to just two points
Ashish Pant, Kuldeep against the MI batters will also be a sub-plot that could decide the fate of the game
ECB Reporters Network, Jason Holder takes three in 12 balls but Somerset respond to post 309
ECB Reporters Network, England batter constructs unbeaten 197 off 230 balls as his side makes erratic, entertaining progress
ECB Reporters Network, Gloucestershire on top after South African seamer's fiery spell
ECB Reporters Network, Emilio Gay's 88 from 110 balls was the day's most eye-catching batting performance
ECB Reporters Network, Ackermann scores first century for new club as Essex rue profligacy
ECB Reporters Network, Adam Lyth's 97 helps hosts reach 276 for 3 from 59 overs possible on first day
Danyal Rasool, With 11 to defend in the last over, Shamilia Connell kept her calm despite a four off the second last ball as West Indies kept their winning streak alive
Himanshu Agrawal, Chasing 262, PBKS reached their target with eight balls to spare on a night of unstoppable hitting
Karthik Krishnaswamy, Rajasthan Royals are on top of the table, but a win for LSG will close the gap to just two points
Ashish Pant, Kuldeep against the MI batters will also be a sub-plot that could decide the fate of the game
ECB Reporters Network, Jason Holder takes three in 12 balls but Somerset respond to post 309
ECB Reporters Network, England batter constructs unbeaten 197 off 230 balls as his side makes erratic, entertaining progress
ECB Reporters Network, Gloucestershire on top after South African seamer's fiery spell
ECB Reporters Network, Emilio Gay's 88 from 110 balls was the day's most eye-catching batting performance
ECB Reporters Network, Ackermann scores first century for new club as Essex rue profligacy
ECB Reporters Network, Adam Lyth's 97 helps hosts reach 276 for 3 from 59 overs possible on first day
Danyal Rasool, With 11 to defend in the last over, Shamilia Connell kept her calm despite a four off the second last ball as West Indies kept their winning streak alive
Himanshu Agrawal, Chasing 262, PBKS reached their target with eight balls to spare on a night of unstoppable hitting
Karthik Krishnaswamy, Rajasthan Royals are on top of the table, but a win for LSG will close the gap to just two points
Ashish Pant, Kuldeep against the MI batters will also be a sub-plot that could decide the fate of the game
ECB Reporters Network, Jason Holder takes three in 12 balls but Somerset respond to post 309
ECB Reporters Network, England batter constructs unbeaten 197 off 230 balls as his side makes erratic, entertaining progress
ECB Reporters Network, Gloucestershire on top after South African seamer's fiery spell
ECB Reporters Network, Emilio Gay's 88 from 110 balls was the day's most eye-catching batting performance
ECB Reporters Network, Ackermann scores first century for new club as Essex rue profligacy
ECB Reporters Network, Adam Lyth's 97 helps hosts reach 276 for 3 from 59 overs possible on first day
